"Время","Планшеты, Визиты","Планшеты, Доля","Десктоп, Визиты","Десктоп, Доля","Смартфоны, Визиты","Смартфоны, Доля"
"2015-04-01 - 2015-04-05","229566458","0.08550086835093546","2010686557","0.7488700575109829","444707529","0.16562907413808164"
"2015-04-06 - 2015-04-12","304522556","0.08145247090924222","2811817422","0.7520936372527869","622313406","0.16645389183797094"
"2015-04-13 - 2015-04-19","305912809","0.08135046030927263","2829825002","0.752526732240847","624693388","0.16612280744988042"
"2015-04-20 - 2015-04-26","304134349","0.08103506221391593","2826838921","0.7531969624120094","622147178","0.16576797537407464"
"2015-04-27 - 2015-05-03","275179607","0.0833392928220731","2458361397","0.744525012447829","568378147","0.17213569473009788"
"2015-05-04 - 2015-05-10","276968086","0.08335476572609822","2466772079","0.7423859250871426","579022290","0.1742593091867592"
"2015-05-11 - 2015-05-17","297871347","0.08398267953921675","2623327192","0.739628195565414","625620265","0.1763891248953692"
"2015-05-18 - 2015-05-24","287643004","0.08028964097845663","2673849567","0.7463502285104481","621074252","0.17336013051109528"
"2015-05-25 - 2015-05-31","274759499","0.0793318717977117","2597126794","0.7498737281654819","591532542","0.1707944000368064"
"2015-06-01 - 2015-06-07","272069637","0.07938910600481333","2560960415","0.7472805863322621","594009887","0.17333030766292454"
"2015-06-08 - 2015-06-14","264092684","0.08161478534284643","2394706451","0.7400562938634624","577044504","0.17832892079369103"
"2015-06-15 - 2015-06-21","274386931","0.0802916408193326","2535064374","0.7418154991175372","607927244","0.1778928600631302"
"2015-06-22 - 2015-06-28","264994255","0.08059580054117044","2436282240","0.74097499765433","586664728","0.17842920180449956"
"2015-06-29 - 2015-07-05","262422772","0.080739223066681","2397889123","0.737754971931571","589939495","0.18150580500174787"
"2015-07-06 - 2015-07-12","268977784","0.08195166812811103","2411411903","0.7347046475586722","601761734","0.18334368431321682"
"2015-07-13 - 2015-07-19","264966831","0.08171724603359914","2378672177","0.7335957439940318","598844603","0.18468700997236898"
"2015-07-20 - 2015-07-26","263655027","0.08183743970261252","2357155770","0.7316514894177996","600881230","0.18651107087958782"
"2015-07-27 - 2015-08-02","267040652","0.08204755177766884","2375935043","0.729999915746612","611730219","0.1879525324757191"
"2015-08-03 - 2015-08-09","262642664","0.08150297564240319","2346168132","0.7280602519146645","613680922","0.1904367724429323"
"2015-08-10 - 2015-08-16","264275307","0.08162794202317002","2350890870","0.7261305863856579","622393174","0.19224147159117208"
"2015-08-17 - 2015-08-23","267740741","0.0815500791585793","2382467540","0.7256662387430447","632936797","0.19278368209837604"
"2015-08-24 - 2015-08-30","277682830","0.0819272646647795","2458427928","0.725332119081837","653271655","0.1927406162533835"
"2015-08-31 - 2015-09-06","279736556","0.08163730855454304","2484664861","0.7251156402743724","662175977","0.19324705117108468"
"2015-09-07 - 2015-09-13","287074481","0.08138619571071942","2542923529","0.720923961223106","697313698","0.19768984306617451"
"2015-09-14 - 2015-09-20","286659709","0.08095352204417489","2552489147","0.7208302385780405","701891753","0.19821623937778454"
"2015-09-21 - 2015-09-27","292847686","0.08112831763288104","2595912874","0.7191521540284839","720924622","0.19971952833863504"
"2015-09-28 - 2015-10-04","304970057","0.08128349524979284","2703744924","0.7206275916019044","743215913","0.1980889131483028"
"2015-10-05 - 2015-10-11","309281931","0.08108551301708398","2751177558","0.7212857310164632","753809170","0.19762875596645277"
"2015-10-12 - 2015-10-18","312482027","0.08071509105146939","2791315786","0.7210056526559651","767622301","0.19827925629256568"
"2015-10-19 - 2015-10-25","320340724","0.08093098886272611","2848123127","0.7195507901483973","789732243","0.19951822098887656"
"2015-10-26 - 2015-11-01","318387815","0.08053815840796325","2845139420","0.7196955364033033","789726990","0.19976630518873345"
"2015-11-02 - 2015-11-08","327483824","0.0835399095248702","2799928133","0.7142512874375094","792676368","0.20220880303762034"
"2015-11-09 - 2015-11-15","326266570","0.08034181765103193","2923146642","0.7198129875175084","811567477","0.1998451948314596"
"2015-11-16 - 2015-11-22","327847845","0.08010414856795682","2940189290","0.7183861760752934","824732726","0.2015096753567498"
"2015-11-23 - 2015-11-29","337771365","0.08081287045116273","2987572866","0.7147862844544768","854328674","0.20440084509436032"
"2015-11-30 - 2015-12-06","336134387","0.08004912779929726","3012561554","0.7174300939326258","850405239","0.20252077826807688"
"2015-12-07 - 2015-12-13","331128492","0.07933767249419935","2991583711","0.7167770048078482","850948072","0.20388532269795245"
"2015-12-14 - 2015-12-20","326089968","0.07826576417324844","2979546116","0.715129186857335","860808484","0.20660504896941664"
"2015-12-21 - 2015-12-27","308108127","0.07767112550005027","2834598804","0.7145753719368018","824122763","0.20775350256314784"
"2015-12-28 - 2016-01-03","272961891","0.08362649546186778","2276325955","0.6973909854161264","714772061","0.2189825191220058"
"2016-01-04 - 2016-01-10","327842607","0.09432465870846224","2335988016","0.6720946809584692","811852316","0.23358066033306846"
"2016-01-11 - 2016-01-17","329563116","0.07813878550906991","3001888004","0.7117419137000938","886212539","0.21011930079083624"
"2016-01-18 - 2016-01-24","334646454","0.07761377011776935","3062171382","0.7102022533421498","914871359","0.21218397654008084"
"2016-01-25 - 2016-01-31","340552749","0.07781127879998011","3112627154","0.7111893825302306","923470298","0.21099933866978918"
"2016-02-01 - 2016-02-07","339020524","0.07789168618323072","3088134459","0.7095145666521623","925305987","0.212593747164607"
"2016-02-08 - 2016-02-14","333306296","0.07833031675068962","2987483138","0.7020884492589488","934348421","0.21958123399036153"
"2016-02-15 - 2016-02-21","324632561","0.07500106393909936","3076835642","0.7108527438063794","926904542","0.21414619225452128"
"2016-02-22 - 2016-02-28","335540538","0.0826746904507317","2804026178","0.690891174174306","918997473","0.2264341353749623"
"2016-02-29 - 2016-03-06","318863425","0.0766684850330387","2917026505","0.7013786637321912","923099580","0.22195285123477024"
"2016-03-07 - 2016-03-13","322395755","0.08117172236176469","2740794848","0.6900681383115949","908583626","0.22876013932664047"
"2016-03-14 - 2016-03-20","330210214","0.07694481403001355","2999625101","0.6989656460360297","961684759","0.22408953993395675"
"2016-03-21 - 2016-03-27","322847574","0.0759871944904504","2988182824","0.7033152723034286","937679877","0.220697533206121"
"2016-03-28 - 2016-04-03","318808856","0.07569989992053132","2957738866","0.7023033768775413","934935468","0.22199672320192737"
"2016-04-04 - 2016-04-10","308155499","0.07522005037771937","2855055930","0.696912602834345","933508760","0.22786734678793558"
"2016-04-11 - 2016-04-17","301518742","0.07458278695520618","2819294395","0.6973723485032711","921925869","0.22804486454152267"
"2016-04-18 - 2016-04-24","301029987","0.07455920648104584","2812758455","0.6966649419801905","923673881","0.2287758515387637"
"2016-04-25 - 2016-05-01","281788730","0.07390136050508057","2644866653","0.6936375489935984","886383079","0.23246109050132105"
"2016-05-02 - 2016-05-08","271321888","0.07869043785737698","2332024449","0.6763480319948175","844618821","0.2449615301478055"
"2016-05-09 - 2016-05-15","290892703","0.07665926893016481","2592356329","0.68316646976059","911369767","0.24017426130924516"
"2016-05-16 - 2016-05-22","292422552","0.07409198401786864","2721797066","0.689629932215193","932530572","0.23627808376693837"
"2016-05-23 - 2016-05-29","273953131","0.07290108952853924","2614440315","0.6957231946030846","869480857","0.23137571586837613"
"2016-05-30 - 2016-06-05","274186710","0.07324274207339004","2599235079","0.6943265210750169","870112413","0.23243073685159296"
"2016-06-06 - 2016-06-12","276065317","0.07413382878031467","2564111775","0.6885595965734397","883700678","0.23730657464624572"
"2016-06-13 - 2016-06-19","264744923","0.07683559696677882","2325117434","0.6748072221171734","855740117","0.24835718091604783"
"2016-06-20 - 2016-06-26","256157493","0.07404295538130645","2361373231","0.6825607587498698","842048809","0.2433962858688238"
"2016-06-27 - 2016-07-03","258403679","0.07403109328459871","2379905115","0.6818284409064417","852166188","0.24414046580895962"
"2016-07-04 - 2016-07-10","258745725","0.07547840744334934","2315594975","0.6754794538028496","853735405","0.24904213875380107"
"2016-07-11 - 2016-07-17","250551993","0.07512511143738161","2241314279","0.6720321118182828","843263463","0.25284277674433553"
"2016-07-18 - 2016-07-24","256905717","0.0758070374902496","2270612468","0.6700061271408146","861424656","0.2541868353689356"
"2016-07-25 - 2016-07-31","250475141","0.07452121556196456","2262869103","0.6732474749387302","847781029","0.2522313094993053"
"2016-08-01 - 2016-08-07","254497295","0.0753662190560806","2255557792","0.6679554792341562","866753491","0.2566783017097631"
"2016-08-08 - 2016-08-14","261330628","0.07577166747868881","2296965034","0.6659949202985237","890627091","0.25823341222278745"
"2016-08-15 - 2016-08-21","260370498","0.07519062636984312","2306774590","0.6661577546168002","895660192","0.2586516190133567"
"2016-08-22 - 2016-08-28","257984798","0.07437740020878084","2313795660","0.6670707233112247","896810771","0.2585518764799944"
"2016-08-29 - 2016-09-04","260150182","0.073486516513417","2368625500","0.669082895048102","911332005","0.25743058843848104"
"2016-09-05 - 2016-09-11","268531551","0.07342879193055636","2419167959","0.6615110218704978","969333977","0.2650601861989458"
"2016-09-12 - 2016-09-18","275176306","0.07344338337125596","2477381895","0.6612026700856053","994223243","0.2653539465431387"
"2016-09-19 - 2016-09-25","280767701","0.07355185876123893","2516099005","0.6591347864655337","1020408693","0.2673133547732274"
"2016-09-26 - 2016-10-02","277249120","0.07277998743173174","2513057381","0.659696537916516","1019107732","0.2675234746517523"
"2016-10-03 - 2016-10-09","283120046","0.0726570768365644","2564254983","0.6580645699964819","1049286636","0.26927835316695375"
"2016-10-10 - 2016-10-16","285845123","0.07205843570814795","2614864905","0.6591789031238251","1066141600","0.26876266116802694"
"2016-10-17 - 2016-10-23","289711000","0.07190114852273498","2658890819","0.6598896958784977","1080694040","0.26820915559876735"
"2016-10-24 - 2016-10-30","289573780","0.07141253287466343","2683622622","0.6618150604545945","1081747014","0.26677240667074203"
"2016-10-31 - 2016-11-06","290176358","0.07419393068085738","2562765714","0.6552624171256363","1058110427","0.2705436521935064"
"2016-11-07 - 2016-11-13","299784695","0.07159684698967918","2763452816","0.6599886909848752","1123883956","0.2684144620254457"
"2016-11-14 - 2016-11-20","303703710","0.07139612878453266","2804334930","0.659256542559995","1145745356","0.26934732865547223"
"2016-11-21 - 2016-11-27","304391325","0.07132135536899833","2805720058","0.6574029575992175","1157773368","0.2712756870317841"
"2016-11-28 - 2016-12-04","305416533","0.07110400068309786","2817743502","0.6559986583666789","1172189454","0.2728973409502232"
"2016-12-05 - 2016-12-11","304202206","0.07055333609133647","2829510706","0.6562457992643642","1177950049","0.2732008646442994"
"2016-12-12 - 2016-12-18","299698794","0.06983439007408507","2812987403","0.6554689692030911","1178878370","0.27469664072282385"
"2016-12-19 - 2016-12-25","298376852","0.0702953350190308","2770283335","0.6526578513921144","1175957922","0.2770468135888547"
"2016-12-26 - 2017-01-01","259459352","0.07120774965540959","2365261035","0.6491379645855857","1018975043","0.27965428575900486"
"2017-01-02 - 2017-01-08","295466108","0.08504431937847708","2085014465","0.6001318975989101","1093779791","0.3148237830226129"
"2017-01-09 - 2017-01-15","296058146","0.06960251380200384","2766850054","0.6504793793838393","1190647165","0.27991810681415685"
"2017-01-16 - 2017-01-22","298472666","0.06899330505923089","2801189634","0.6475076379266078","1226448266","0.2834990570141614"
"2017-01-23 - 2017-01-29","303252814","0.06907508912126524","2842146551","0.6473856704459852","1244791337","0.28353924043274964"
"2017-01-30 - 2017-02-05","307466129","0.06939056256083949","2863969050","0.6463554999787733","1259515049","0.28425393746038713"
"2017-02-06 - 2017-02-12","305212925","0.06845416368692464","2879109549","0.6457362064199405","1274324138","0.2858096298931349"
"2017-02-13 - 2017-02-19","299227134","0.0676468478405954","2861611727","0.6469300109502515","1262532568","0.285423141209153"
"2017-02-20 - 2017-02-26","294119414","0.07241972844109781","2568588293","0.6324521871107869","1198608461","0.2951280844481153"
"2017-02-27 - 2017-03-05","293814951","0.06756902112324341","2809207404","0.6460372209596908","1245345375","0.28639375791706556"
"2017-03-06 - 2017-03-12","285400303","0.0690961025504207","2637105392","0.6384495835727945","1207977682","0.2924543138767848"
"2017-03-13 - 2017-03-19","289711874","0.066216601236977","2820858714","0.6447360062666596","1264644518","0.28904739249636335"
"2017-03-20 - 2017-03-26","291788938","0.06659515313078736","2831675674","0.6462749287869011","1258069543","0.28712991808231153"
"2017-03-27 - 2017-04-02","293115337","0.06653460052623536","2854920272","0.6480417632727666","1257421622","0.285423636200998"
"2017-04-03 - 2017-04-09","291860438","0.06589535509911158","2826206230","0.6380921798971995","1311083726","0.29601246500368894"
"2017-04-10 - 2017-04-16","278370349","0.0649530813229131","2735909037","0.6383787742147561","1271434907","0.2966681444623308"
"2017-04-17 - 2017-04-23","280560895","0.06418445791358816","2808036071","0.6423998362955641","1282568642","0.29341570579084775"
"2017-04-24 - 2017-04-30","255517503","0.06290197125240009","2594563069","0.6387160553098273","1212073569","0.2983819734377726"
"2017-05-01 - 2017-05-07","251434328","0.06509947059340984","2411777997","0.6244392801985829","1199097548","0.3104612492080073"
"2017-05-08 - 2017-05-14","266376296","0.06728132469223916","2450502503","0.6189479208145748","1242262868","0.313770754493186"
"2017-05-15 - 2017-05-21","254286889","0.061471267080314716","2637307675","0.637542285803374","1245084263","0.3009864471163113"
"2017-05-22 - 2017-05-28","246104008","0.06078802014722561","2604707917","0.6433663499549104","1197749081","0.295845629897864"
"2017-05-29 - 2017-06-04","253596361","0.061163335589328065","2660878506","0.6417608059640411","1231740485","0.2970758584466309"
"2017-06-05 - 2017-06-11","236050473","0.06027767368398096","2495227450","0.6371794306822335","1184773553","0.3025428956337856"
"2017-06-12 - 2017-06-18","242003830","0.06340824514908537","2381964036","0.6241064843105699","1192630897","0.3124852705403447"
"2017-06-19 - 2017-06-25","240194060","0.061456046300691354","2459611453","0.62931612604108","1208582261","0.30922782765822865"
"2017-06-26 - 2017-07-02","235240460","0.06204694272652703","2360891102","0.6227078241105348","1195198835","0.3152452331629382"
"2017-07-03 - 2017-07-09","238979039","0.0630177000491471","2341894743","0.6175471333326787","1211378852","0.3194351666181742"
"2017-07-10 - 2017-07-16","228962954","0.06261448025053415","2245127472","0.6139748256195002","1182618902","0.3234106941299656"
"2017-07-17 - 2017-07-23","227663611","0.06260189788334374","2221736292","0.6109228781208375","1187288739","0.3264752239958188"
"2017-07-24 - 2017-07-30","227487446","0.06273758003955081","2208795823","0.6091523166359167","1189732364","0.32811010332453244"
"2017-07-31 - 2017-08-06","228889565","0.0621160230282579","2236357325","0.606902385869418","1219624643","0.3309815911023241"
"2017-08-07 - 2017-08-13","226725556","0.061327975541215274","2240930602","0.6061590037473182","1229279115","0.3325130207114665"
"2017-08-14 - 2017-08-20","230169051","0.06157213220356202","2254517085","0.6031020391738474","1253515592","0.3353258286225905"
"2017-08-21 - 2017-08-27","236011502","0.061358961748249036","2330396486","0.6058633059448432","1279998393","0.33277773230690777"
"2017-08-28 - 2017-09-03","234083358","0.06058766473491288","2361938874","0.6113393188005687","1267525885","0.3280730164645183"
"2017-09-04 - 2017-09-10","245520766","0.05984172497599841","2474404841","0.6030962528619721","1382910100","0.3370620221620295"
"2017-09-11 - 2017-09-17","247029567","0.05906171477150593","2508178670","0.5996745045645289","1427358557","0.3412637806639652"
"2017-09-18 - 2017-09-24","248534955","0.058204334338208374","2574947753","0.6030263224705369","1446559340","0.3387693431912547"
"2017-09-25 - 2017-10-01","253863300","0.05820839472303366","2620231998","0.6007938067672922","1487188005","0.3409977985096741"
"2017-10-02 - 2017-10-08","256775505","0.058434544997724464","2633984505","0.599417324019016","1503481530","0.3421481309832595"
"2017-10-09 - 2017-10-15","265194675","0.05858103055992775","2701361892","0.5967260223029601","1560415261","0.34469294713711224"
"2017-10-16 - 2017-10-22","267773451","0.05854308771628988","2718070384","0.5942494758734006","1588111203","0.34720743641030954"
"2017-10-23 - 2017-10-29","265838332","0.05881966469731357","2678484724","0.5926443044434859","1575225523","0.34853603085920054"
"2017-10-30 - 2017-11-05","263706619","0.058079623650560394","2731492094","0.6015929119473529","1545233928","0.34032746440208667"
"2017-11-06 - 2017-11-12","275983044","0.05960065627792226","2740815071","0.5919000479175094","1613738883","0.3484992958045684"
"2017-11-13 - 2017-11-19","272042841","0.057163788972877334","2834384040","0.5955831461510561","1652579579","0.3472530648760666"
"2017-11-20 - 2017-11-26","275411704","0.0598854851836119","2633653700","0.5726613188164098","1689907171","0.36745319599997833"
"2017-11-27 - 2017-12-03","273912963","0.05855302734080981","2727130724","0.5829653262680177","1676988781","0.3584816463911725"
"2017-12-04 - 2017-12-10","272754849","0.0585425901606816","2688486053","0.5770417564729986","1697843164","0.3644156533663198"
"2017-12-11 - 2017-12-17","267000043","0.05752925597591138","2684015323","0.5783122834932856","1690102244","0.36415846053080303"
"2017-12-18 - 2017-12-24","254333601","0.05629454928750682","2624079997","0.5808174780864965","1639494516","0.3628879726259966"
"2017-12-25 - 2017-12-31","225564708","0.05619267677668328","2304459262","0.5740868578368211","1484106001","0.36972046538649556"
"2018-01-01 - 2018-01-07","249124026","0.06964986969648738","1809715647","0.5059586625388125","1517965669","0.42439146776470005"
"2018-01-08 - 2018-01-14","263180138","0.05906960110821373","2496908598","0.56041993141416","1695335595","0.3805104674776262"
"2018-01-15 - 2018-01-21","264584444","0.05593971977170162","2682381590","0.5671220582619415","1782847506","0.37693822196635685"
"2018-01-22 - 2018-01-28","266049408","0.05586838273802282","2691703183","0.5652375052268421","1804322038","0.378894112035135"
"2018-01-29 - 2018-02-04","260720900","0.05590868684598477","2631963947","0.5643952905300076","1770649506","0.37969602262400765"
"2018-02-05 - 2018-02-11","258109181","0.055596736663118485","2591076572","0.5581180851039148","1793338188","0.3862851782329667"
"2018-02-12 - 2018-02-18","257285798","0.0550191596238107","2601482595","0.5563128134762817","1817526188","0.38866802689990754"
"2018-02-19 - 2018-02-25","260531524","0.05737057791202224","2466224153","0.5430771015571902","1814448778","0.39955232053078743"
"2018-02-26 - 2018-03-04","262872384","0.05475893965193459","2678333088","0.5579234977135201","1859332772","0.3873175626345453"
"2018-03-05 - 2018-03-11","249807351","0.05809629881020903","2313878312","0.5381257408410454","1736198428","0.4037779603487456"
"2018-03-12 - 2018-03-18","260381511","0.054215050304376594","2673202575","0.5565979378521007","1869169200","0.3891870118435228"
"2018-03-19 - 2018-03-25","258622416","0.05398867692917503","2656838803","0.5546279166615747","1874847244","0.3913834064092503"
"2018-03-26 - 2018-04-01","255320131","0.053993408435550186","2606433516","0.5511912783308698","1866974144","0.39481531323358005"
"2018-04-02 - 2018-04-08","244730358","0.05311593883504205","2505595789","0.5438110488681708","1857148810","0.40307301229678716"
"2018-04-09 - 2018-04-15","246628872","0.052411571734958376","2556252321","0.543234053694838","1902737506","0.40435437457020357"
"2018-04-16 - 2018-04-22","241376103","0.05209927240244538","2527616956","0.5455676957369877","1864010280","0.40233303186056696"
"2018-04-23 - 2018-04-29","224892811","0.04988551292556724","2513916279","0.557634556979451","1769369694","0.39247993009498183"
"2018-04-30 - 2018-05-06","219900632","0.05656293511946493","1993957944","0.5128867197499173","1673857497","0.4305503451306178"
"2018-05-07 - 2018-05-13","220352138","0.05203956329599669","2257923564","0.5332435495874355","1756043805","0.41471688711656784"
"2018-05-14 - 2018-05-20","220336567","0.04946185771529501","2410011415","0.5410070753302006","1824328352","0.40953106695450436"
"2018-05-21 - 2018-05-27","211934839","0.04904491791018621","2350450823","0.5439297673279881","1758853888","0.4070253147618257"
"2018-05-28 - 2018-06-03","210437855","0.04932592273999486","2326641110","0.5453568210698397","1729194088","0.4053172561901654"
"2018-06-04 - 2018-06-10","209301295","0.048123078074330736","2388379213","0.5491421318645334","1751611004","0.40273479006113583"
"2018-06-11 - 2018-06-17","210886801","0.05291090285277825","2044067545","0.5128507748477437","1730742167","0.4342383222994781"
"2018-06-18 - 2018-06-24","204643875","0.049055572783543513","2212510457","0.5303650928116691","1754520024","0.4205793344047874"
"2018-06-25 - 2018-07-01","198001455","0.049369104285778544","2102461819","0.5242216871541608","1710171674","0.4264092085600606"
"2018-07-02 - 2018-07-08","201357378","0.049563255097999644","2110598018","0.5195146510870163","1750678860","0.4309220938149841"
"2018-07-09 - 2018-07-15","194354578","0.048929102393122606","2064529908","0.5197489881725141","1713282762","0.43132190943436327"
"2018-07-16 - 2018-07-22","195987196","0.049107946808451625","2079749039","0.5211167222482248","1715210419","0.4297753309433236"
"2018-07-23 - 2018-07-29","190405039","0.04880188184139231","2017634714","0.5171311191597159","1693552395","0.4340669989988918"
"2018-07-30 - 2018-08-05","191402292","0.04863658958080943","2025155803","0.5146054971363955","1718797851","0.43675791328279506"
"2018-08-06 - 2018-08-12","189505467","0.048278089037693796","2020218989","0.514667538465166","1715564858","0.43705437249714024"
"2018-08-13 - 2018-08-19","190276217","0.048021676220353686","2045314163","0.5161938578192865","1726708148","0.43578446596035986"
"2018-08-20 - 2018-08-26","190265662","0.04773256384354649","2054140071","0.5153287831968052","1741670997","0.43693865295964834"
"2018-08-27 - 2018-09-02","197166391","0.0480084113016407","2123755326","0.5171171348095428","1785991752","0.4348744538888165"
"2018-09-03 - 2018-09-09","195356358","0.04679701276968116","2144088076","0.5136096828335277","1835103180","0.4395933043967911"
"2018-09-10 - 2018-09-16","200985076","0.04631367376521815","2231053556","0.514109249312192","1907610108","0.43957707692258985"
"2018-09-17 - 2018-09-23","200739647","0.045786781992659245","2257007733","0.5148017472931845","1926479645","0.43941147071415626"
"2018-09-24 - 2018-09-30","206937083","0.04596615647844481","2331201727","0.5178210778495548","1963805639","0.4362127656720004"
"2018-10-01 - 2018-10-07","211832760","0.045710912599246194","2375494240","0.512602534115369","2046856567","0.44168655328538475"
"2018-10-08 - 2018-10-14","212224951","0.04551458849057553","2395075467","0.5136572008650294","2055489207","0.4408282106443951"
"2018-10-15 - 2018-10-21","215009534","0.04536536553155721","2435520783","0.5138762385322849","2088978149","0.44075839593615784"
"2018-10-22 - 2018-10-28","217880259","0.0454849662936394","2480315524","0.5177938952547809","2091964060","0.4367211384515796"
"2018-10-29 - 2018-11-04","213287491","0.045485740104874835","2430618814","0.5183543354993242","2045200446","0.436159924395801"
"2018-11-05 - 2018-11-11","220055239","0.046507698771751683","2406630557","0.5086306943132991","2104901550","0.44486160691494925"
"2018-11-12 - 2018-11-18","215630415","0.04465877325939038","2493865170","0.516499303525994","2118904285","0.4388419232146156"
"2018-11-19 - 2018-11-25","217911966","0.044288574376713255","2528771784","0.5139492763670347","2173591266","0.4417621492562521"
"2018-11-26 - 2018-12-02","220848045","0.04424799724749175","2551453048","0.5111962274558891","2218841077","0.4445557752966191"
"2018-12-03 - 2018-12-09","215805437","0.043726297279091095","2523990645","0.5114086410756875","2195573488","0.4448650616452214"
"2018-12-10 - 2018-12-16","213538655","0.04346827037598135","2515039389","0.5119654432931355","2183939826","0.44456628633088313"
"2018-12-17 - 2018-12-23","207715886","0.04288042821598785","2479903427","0.5119460188233065","2156452788","0.4451735529607056"
"2018-12-24 - 2018-12-30","189402963","0.042514537711895464","2278481757","0.5114418330606705","1987131686","0.44604362922743407"
"2018-12-31 - 2019-01-06","197480778","0.053231363582591174","1578983761","0.4256184299253583","1933393047","0.5211502064920505"
"2019-01-07 - 2019-01-13","215021475","0.046873238832207224","2195264318","0.47855289187945765","2177011359","0.47457386928833517"
"2019-01-14 - 2019-01-20","210501660","0.04258259811493758","2479435772","0.5015676219887103","2253435432","0.4558497798963522"
"2019-01-21 - 2019-01-27","214333497","0.04251079410053818","2509665913","0.49776582933596314","2317861170","0.4597233765634987"
"2019-01-28 - 2019-02-03","215411059","0.04266572100356451","2500955181","0.4953555146626209","2332442357","0.4619787643338146"
"2019-02-04 - 2019-02-10","214808090","0.0425731822604513","2487330667","0.49296831338242847","2343481011","0.46445850435712027"
"2019-02-11 - 2019-02-17","211337411","0.04237222484832274","2442969704","0.48980472082876253","2333333061","0.4678230543229147"
"2019-02-18 - 2019-02-24","207569519","0.04229473371943246","2373630846","0.48365523542886474","2326491462","0.47405003085170283"
"2019-02-25 - 2019-03-03","212248268","0.04218083584181813","2423636190","0.48165764193976623","2395980458","0.4761615222184156"
"2019-03-04 - 2019-03-10","200018517","0.04350570314503026","2149359488","0.46750369535477676","2248146056","0.488990601500193"
"2019-03-11 - 2019-03-17","212550133","0.0416015241861967","2433326540","0.4762645474643119","2463314328","0.4821339283494914"
"2019-03-18 - 2019-03-24","210394259","0.04159858232307194","2407491889","0.47600276743622777","2439840516","0.48239865024070033"
"2019-03-25 - 2019-03-31","201226156","0.04168312948349715","2329484940","0.48254274848780887","2296809258","0.475774122028694"
"2019-04-01 - 2019-04-07","200985033","0.04038635097934158","2382754620","0.47879567420807734","2392818717","0.48081797481258115"
"2019-04-08 - 2019-04-14","194799091","0.03984490354557442","2322690127","0.47509135490048565","2371444464","0.48506374155393994"
"2019-04-15 - 2019-04-21","194484958","0.039710580131097115","2299798858","0.46958051550708946","2403276415","0.4907089043618134"
"2019-04-22 - 2019-04-28","184599477","0.03942082447952223","2179066119","0.46533492078297","2319125275","0.49524425473750777"
"2019-04-29 - 2019-05-05","180969819","0.04396929894435101","1762973465","0.4283405251874808","2171878968","0.5276901758681681"
"2019-05-06 - 2019-05-12","178179447","0.04235513584171795","1810247681","0.4303149870922537","2218369603","0.5273298770660284"
"2019-05-13 - 2019-05-19","181509260","0.038310002676293115","2168316237","0.4576526885874573","2388082290","0.5040373087362495"
"2019-05-20 - 2019-05-26","179399430","0.038347036964490856","2151400829","0.45986682964990067","2347512440","0.5017861333856085"
"2019-05-27 - 2019-06-02","167607923","0.037918703556739854","2041212492","0.46179279591969064","2211370870","0.5002885005235695"
"2019-06-03 - 2019-06-09","166231559","0.03813639371072827","1996656610","0.45806754771570196","2195981216","0.5037960585735698"
"2019-06-10 - 2019-06-16","169074399","0.039775654545516355","1877996111","0.44180860609748007","2203630099","0.5184157393570035"
"2019-06-17 - 2019-06-23","163708307","0.03846212711132199","1912877153","0.44941717103598","2179765379","0.512120701852698"
"2019-06-24 - 2019-06-30","168531953","0.03895203575745368","1942192542","0.44889026678426885","2215928778","0.5121576974582774"
"2019-07-01 - 2019-07-07","165850281","0.0390044586021037","1883333302","0.44291993579330907","2202901613","0.5180756056045872"
"2019-07-08 - 2019-07-14","163597667","0.03900001309379748","1843813591","0.4395463303979863","2187399308","0.5214536565082162"
"2019-07-15 - 2019-07-21","158791563","0.03870442782844134","1784179325","0.43488229861091354","2159700871","0.526413273560645"
"2019-07-22 - 2019-07-28","157315102","0.0384350903602647","1777175205","0.43419791693105814","2158516904","0.5273669927086772"
"2019-07-29 - 2019-08-04","160443266","0.03859376031094403","1813263056","0.4361706259703906","2183526990","0.5252356137186655"
"2019-08-05 - 2019-08-11","159734275","0.03827812694752327","1819987190","0.43613495413984354","2193269424","0.5255869189126332"
"2019-08-12 - 2019-08-18","157071800","0.0373519790842976","1834211294","0.4361790078783743","2213897029","0.5264690130373281"
"2019-08-19 - 2019-08-25","155949194","0.03688806396990382","1865365964","0.4412317706965085","2206317773","0.5218801653335877"
"2019-08-26 - 2019-09-01","158980013","0.03681224022030779","1913367026","0.44304516814153166","2246325556","0.5201425916381606"
"2019-09-02 - 2019-09-08","159464834","0.035826454056681854","1944717062","0.43691336031484096","2346854027","0.5272601856284771"
"2019-09-09 - 2019-09-15","162377757","0.035299593756867954","1971007797","0.42848094351814003","2466603843","0.536219462724992"
"2019-09-16 - 2019-09-22","167843332","0.0355345634988874","2006266343","0.4247520465157002","2549272730","0.5397133899854124"
"2019-09-23 - 2019-09-29","163697756","0.03445674830029808","2070377161","0.4357937852444521","2516743546","0.5297494664552498"
"2019-09-30 - 2019-10-06","162284430","0.034177947361038","2057716739","0.4333658773640131","2528219322","0.5324561752749489"
"2019-10-07 - 2019-10-13","163322982","0.033652886076406444","2113077871","0.4354020970749755","2576763349","0.5309450168486181"
"2019-10-14 - 2019-10-20","161475997","0.03270808028104346","2175878378","0.44073921816014944","2599529588","0.5265527015588072"
"2019-10-21 - 2019-10-27","160084093","0.03223013976841724","2199787170","0.44288877565037654","2607035308","0.5248810845812062"
"2019-10-28 - 2019-11-03","157070739","0.0329093711234192","2086471626","0.4371563380657291","2529284755","0.5299342908108517"
"2019-11-04 - 2019-11-10","162378719","0.033608644580163834","2058986588","0.4261626699457841","2610091630","0.5402286854740521"
"2019-11-11 - 2019-11-17","170334616","0.03372775028527338","2197313838","0.43508744239303454","2682632533","0.5311848073216922"
"2019-11-18 - 2019-11-24","172350069","0.03386019347622328","2215384825","0.435238345038255","2702314846","0.5309014614855218"
"2019-11-25 - 2019-12-01","176828065","0.03360491852526531","2288026537","0.4348232016197764","2797115156","0.5315718798549584"
"2019-12-02 - 2019-12-08","173054356","0.03328654540659879","2270411899","0.43670769412903815","2755461837","0.5300057604643631"
"2019-12-09 - 2019-12-15","175688598","0.033250161976033955","2305274842","0.4362876291822653","2802878429","0.5304622088417007"
"2019-12-16 - 2019-12-22","169520119","0.032754265473347456","2270264928","0.4386550728326356","2735727716","0.5285906616940169"
"2019-12-23 - 2019-12-29","162475919","0.033265078555463","2119612904","0.4339664006377035","2602190008","0.5327685208068336"
"2019-12-30 - 2020-01-05","155219102","0.0392068769169033","1467334015","0.37063469238528735","2336423323","0.5901584306978094"
"2020-01-06 - 2020-01-12","175265310","0.03745676313681176","1840934838","0.3934347314780713","2662936417","0.5691085053851169"
"2020-01-13 - 2020-01-19","173722467","0.03312381636115121","2229886007","0.42517433627147805","2841030764","0.5417018473673708"
"2020-01-20 - 2020-01-26","180372784","0.03338821327199806","2299504184","0.425653662446347","2922412233","0.5409581242816549"
"2020-01-27 - 2020-02-02","177140409","0.033102133918249614","2280994031","0.4262481401456515","2893194554","0.540649725936099"
"2020-02-03 - 2020-02-09","175108224","0.033276990142090054","2251737782","0.4279128316336857","2835295289","0.5388101782242242"
"2020-02-10 - 2020-02-16","172013506","0.03346148936671868","2171028618","0.42232643648370816","2797598931","0.5442120741495732"
"2020-02-17 - 2020-02-23","166732638","0.03319611003023553","2108417229","0.4197813407326303","2747506036","0.5470225492371341"
"2020-02-24 - 2020-03-01","173495808","0.034125328167951656","2112894463","0.4155905423036099","2797687079","0.5502841295284384"
"2020-03-02 - 2020-03-08","161422068","0.03239829936974296","2102238539","0.42193086965738197","2718763506","0.545670830972875"
"2020-03-09 - 2020-03-15","175276871","0.03338112814874169","2172492962","0.41374692252899364","2903007499","0.5528719493222647"
"2020-03-16 - 2020-03-22","179356839","0.03246671803710259","2364422610","0.4280017568742956","2980549767","0.5395315250886018"
"2020-03-23 - 2020-03-29","191955688","0.033456305954276164","2422426287","0.4222090830127066","3123121988","0.5443346110330173"
"2020-03-30 - 2020-04-05","217161166","0.03649054712755617","2370592917","0.398341168227285","3363408152","0.5651682846451589"
"2020-04-06 - 2020-04-12","216574821","0.033851869104210015","2756749989","0.4308956108090719","3424396401","0.5352525200867181"
"2020-04-13 - 2020-04-19","217255257","0.033316369769098436","2850850969","0.4371816192222064","3452870054","0.5295020110086952"
"2020-04-20 - 2020-04-26","215563559","0.03324618198418767","2858399339","0.4408484673788288","3409896184","0.5259053506369835"
"2020-04-27 - 2020-05-03","197942676","0.03339714056988013","2585645969","0.4362534832591478","3143346195","0.530349376170972"
"2020-05-04 - 2020-05-10","183044064","0.03413083647860932","2286174798","0.4262856521370487","2893792505","0.539583511384342"
"2020-05-11 - 2020-05-17","190521377","0.031129581862099777","2784420703","0.45495079647972475","3145325704","0.5139196216581755"
"2020-05-18 - 2020-05-24","182119221","0.030851858996346113","2737582148","0.46375938770905634","2983321234","0.5053887532945975"
"2020-05-25 - 2020-05-31","171662955","0.03126657429128513","2507244140","0.4566677485523845","2811395533","0.5120656771563303"
"2020-06-01 - 2020-06-07","165545229","0.03130357563773178","2371735403","0.44848044869053133","2751100188","0.5202159756717369"
"2020-06-08 - 2020-06-14","157756315","0.03197828353822667","2112600583","0.4282385807895992","2662875832","0.5397831356721742"
"2020-06-15 - 2020-06-21","154092986","0.030869447861115996","2166964443","0.4341079865249725","2670706165","0.5350225656139116"
"2020-06-22 - 2020-06-28","150509323","0.03086101461835836","2073258979","0.42510905227154416","2653236711","0.5440299331100975"
"2020-06-29 - 2020-07-05","149248657","0.03055190877287527","2074472118","0.42465429287587725","2661363758","0.5447937983512475"
"2020-07-06 - 2020-07-12","143062487","0.029882847332115495","2046376358","0.42744645065596065","2598006120","0.5426707020119238"
"2020-07-13 - 2020-07-19","141673835","0.02975088864025927","2028596047","0.42599633934076225","2591733590","0.5442527720189785"
"2020-07-20 - 2020-07-26","141774253","0.029733471215937834","2005362340","0.4205727214370563","2621033661","0.5496938073470059"
"2020-07-27 - 2020-08-02","138913515","0.0293442206843233","1976704020","0.417560803860366","2618313432","0.5530949754553106"
"2020-08-03 - 2020-08-09","134995124","0.029018482779568956","1907085540","0.4099461318443987","2609958694","0.5610353853760324"
"2020-08-10 - 2020-08-16","140241797","0.029469338052026107","1932274676","0.40603341410701704","2686389097","0.5644972478409569"
"2020-08-17 - 2020-08-23","138191555","0.03052927133701802","1727344991","0.38160496799444765","2660989930","0.5878657606685344"
"2020-08-24 - 2020-08-30","141541775","0.031011900208666433","1762890179","0.3862504501585211","2659679695","0.5827376496328125"
"2020-08-31 - 2020-09-06","143490283","0.030920717140060908","1773327081","0.38213420394753056","2723769798","0.5869450789124085"
"2020-09-07 - 2020-09-13","148721036","0.03028775094216361","1903552862","0.38766765307833606","2857996141","0.5820445959795003"
"2020-09-14 - 2020-09-20","149767954","0.030288085596450322","1894979627","0.3832282114644198","2900033545","0.5864837029391299"
"2020-09-21 - 2020-09-27","149479434","0.03024103371764052","1897305727","0.3838420104191688","2896148847","0.5859169558631906"
"2020-09-28 - 2020-10-04","153757907","0.029972201763123138","2040389737","0.3977354665264125","2935869437","0.5722923317104643"
"2020-10-05 - 2020-10-11","156042744","0.030130859924007426","2050288396","0.3958976295859926","2972503596","0.57397151049"
"2020-10-12 - 2020-10-18","158978995","0.030104799497278862","2109722696","0.3995042159999728","3012150454","0.5703909845027483"
"2020-10-19 - 2020-10-25","162671754","0.0300685172456184","2202482885","0.40711059530840166","3044881136","0.5628208874459799"
"2020-10-26 - 2020-11-01","161494968","0.030326233345737797","2168304443","0.40717371765427407","2995456982","0.5625000489999881"
"2020-11-02 - 2020-11-08","167988215","0.03180902546169354","2052198577","0.3885893828221477","3060962585","0.5796015917161588"
"2020-11-09 - 2020-11-15","171934682","0.030129166315164917","2306997368","0.4042692642379141","3227654060","0.5656015694469211"
"2020-11-16 - 2020-11-22","169786887","0.029800585183121387","2337995289","0.4103592980509797","3189652487","0.559840116765899"
"2020-11-23 - 2020-11-29","170012854","0.029777306385567356","2307141481","0.4040897916729793","3232322936","0.5661329019414534"
"2020-11-30 - 2020-12-06","169166482","0.029527352079160563","2327743289","0.4062985458561833","3232235245","0.5641741020646561"
"2020-12-07 - 2020-12-13","169451540","0.029460222719192936","2330954990","0.4052512780575151","3251469198","0.5652884992232919"
"2020-12-14 - 2020-12-20","167430329","0.029087349256659213","2338518140","0.4062662618384575","3250173463","0.5646463889048833"
"2020-12-21 - 2020-12-27","163863896","0.029522304270062596","2190554620","0.3946581375791977","3196093209","0.5758195581507397"
"2020-12-28 - 2021-01-03","153735753","0.03338716796958803","1619552432","0.35172214678480673","2831347738","0.6148906852456052"
"2021-01-04 - 2021-01-10","175461772","0.036178075805941456","1559362732","0.321521562698318","3115123098","0.6423003614957407"
"2021-01-11 - 2021-01-17","174546644","0.030802162925102673","2123600525","0.3747507706815811","3368553719","0.5944470663933162"
"2021-01-18 - 2021-01-24","172170660","0.030030422579987618","2183177187","0.38079504076129256","3377860187","0.5891745366587198"
"2021-01-25 - 2021-01-31","168700704","0.029721414811636232","2118466535","0.37322797806051056","3388898489","0.5970506071278532"
"2021-02-01 - 2021-02-07","165190734","0.02942217246122617","2102181499","0.37442019361919504","3347125956","0.5961576339195788"
"2021-02-08 - 2021-02-14","161229913","0.029354633792946994","2025910058","0.3688512059796125","3305345956","0.6017941602274405"
"2021-02-15 - 2021-02-21","157129686","0.028482897248930338","2049137922","0.37144721896289307","3310365220","0.6000698837881766"
"2021-02-22 - 2021-02-28","162022801","0.03096193699672043","1791230024","0.34229720019296556","3279714383","0.626740862810314"
"2021-03-01 - 2021-03-07","152190974","0.02909138065988581","1870765547","0.35759776826959855","3208523407","0.6133108510705156"
"2021-03-08 - 2021-03-14","155754503","0.02961922178847499","1868843961","0.3553907123244527","3233963159","0.6149900658870723"
"2021-03-15 - 2021-03-21","157951401","0.02944847630407367","1957538602","0.36496370890250285","3248162750","0.6055878147934235"
"2021-03-22 - 2021-03-28","154818680","0.029384760164186136","1948912883","0.3699058643817888","3164941012","0.600709375454025"
"2021-03-29 - 2021-04-04","152267771","0.02849226553855029","1993363655","0.3729971628280758","3198547709","0.598510571633374"
"2021-04-05 - 2021-04-11","148546668","0.027951851426733884","1978878483","0.3723632316571148","3186951551","0.5996849169161512"
"2021-04-12 - 2021-04-18","142548888","0.02750463597632378","1911643266","0.3688492620715546","3128530065","0.6036461019521216"
"2021-04-19 - 2021-04-25","147366313","0.027628939813513897","1946544865","0.3649475231112658","3239855300","0.6074235370752202"
"2021-04-26 - 2021-05-02","135163575","0.02706717226275788","1806533469","0.36176723354543244","3051937817","0.6111655941918097"
"2021-05-03 - 2021-05-09","135610181","0.030250246868709633","1475944961","0.32923560093823645","2871389463","0.640514152193054"
"2021-05-10 - 2021-05-16","131698770","0.026897371471814147","1714540906","0.35016761092227955","3050103825","0.6229350176059063"
"2021-05-17 - 2021-05-23","126659245","0.02533112311133612","1804296738","0.36084900711085216","3069187297","0.6138198697778117"
"2021-05-24 - 2021-05-30","126369662","0.025766953511044948","1772243230","0.36136291096255474","3005717841","0.6128701355264002"
"2021-05-31 - 2021-06-06","122717215","0.025818566217373023","1724567233","0.36283298395846314","2905776352","0.6113484498241638"
"2021-06-07 - 2021-06-13","118616126","0.025472125208224727","1666248478","0.35781719814074764","2871838558","0.6167106766510276"
"2021-06-14 - 2021-06-20","118170905","0.02607201510792802","1554823564","0.3430403063323454","2859486220","0.6308876785597266"
"2021-06-21 - 2021-06-27","118814592","0.025583556615955037","1625230755","0.34995013941161246","2900132700","0.6244663039724325"
"2021-06-28 - 2021-07-04","121507885","0.025922705193977612","1625807411","0.3468526031667574","2939999708","0.627224691639265"
"2021-07-05 - 2021-07-11","120406574","0.02599526324846947","1596959943","0.34477680691708573","2914499406","0.6292279298344449"
"2021-07-12 - 2021-07-18","118455058","0.025951823322115212","1569914749","0.34394605755738056","2876051603","0.6301021191205043"
"2021-07-19 - 2021-07-25","117830439","0.02623811415936301","1525961293","0.33979629498370273","2847020309","0.6339655908569343"
"2021-07-26 - 2021-08-01","118041103","0.02618102501684507","1529338770","0.33920096965377444","2861271065","0.6346180053293804"
"2021-08-02 - 2021-08-08","118998433","0.026169885371841627","1507071042","0.3314318972281082","2921082005","0.6423982174000503"
"2021-08-09 - 2021-08-15","118196413","0.0260913147577253","1503695479","0.33193386369819455","2908213781","0.6419748215440803"
"2021-08-16 - 2021-08-22","119605289","0.02643244537350843","1466071554","0.3239978481617115","2939265413","0.6495697064647801"
"2021-08-23 - 2021-08-29","119308866","0.025955264171374948","1506724258","0.3277830681066812","2970678557","0.6462616677219438"
"2021-08-30 - 2021-09-05","120607574","0.025743425740999262","1551831174","0.33123500677027723","3012546662","0.6430215674887235"
"2021-09-06 - 2021-09-12","123097800","0.025453369306282267","1587439480","0.3282404993087828","3125671181","0.646306131384935"
"2021-09-13 - 2021-09-19","126344381","0.025840128430908518","1578070563","0.32274918518898055","3185049183","0.6514106863801109"
"2021-09-20 - 2021-09-26","126261860","0.02487482223173963","1738436392","0.3424889844976688","3211191691","0.6326361932705916"
"2021-09-27 - 2021-10-03","121189614","0.023578492513141824","1847825529","0.3595105138392373","3170822102","0.6169109936476208"
"2021-10-04 - 2021-10-10","123633989","0.023706071970414896","1859794189","0.3566043225750275","3231859667","0.6196896054545576"
"2021-10-11 - 2021-10-17","128196675","0.023778408576871257","1925903010","0.35722384103336663","3337206238","0.6189977503897621"
"2021-10-18 - 2021-10-24","130280274","0.023587833049849717","1989664607","0.360237779167634","3403253190","0.6161743877825163"
"2021-10-25 - 2021-10-31","128760440","0.02427835014467262","1921968060","0.3623955737302323","3252780150","0.613326076125095"
"2021-11-01 - 2021-11-07","132693737","0.026386732583931184","1719521235","0.34193435218676593","3176590189","0.6316789152293029"
"2021-11-08 - 2021-11-14","128575704","0.023367103431092513","2039525354","0.3706594513163511","3334322654","0.6059734452525564"
"2021-11-15 - 2021-11-21","130366641","0.02326616510313515","2066162750","0.3687422127524767","3406742159","0.6079916221443882"
"2021-11-22 - 2021-11-28","130371207","0.023159129515972304","2050515809","0.3642534443604539","3448478583","0.6125874261235738"
"2021-11-29 - 2021-12-05","130665915","0.023203676763540692","2048125656","0.363706523563844","3452467489","0.6130897996726153"
"2021-12-06 - 2021-12-12","132229607","0.023193330757932243","2073364927","0.363672248786212","3495596398","0.6131344204558558"
"2021-12-13 - 2021-12-19","131239320","0.023134363601207214","2025346828","0.3570203650666865","3516330655","0.6198452713321063"
"2021-12-20 - 2021-12-26","129537216","0.023375912183418238","1958147620","0.35336166872143854","3453797994","0.6232624190951431"
"2021-12-27 - 2022-01-02","115101361","0.025007916421974738","1543454720","0.3353443113401797","2944040915","0.6396477722378455"
"2022-01-03 - 2022-01-09","134114123","0.028536577373796276","1368802895","0.29125157626124015","3196809976","0.6802118463649636"
"2022-01-10 - 2022-01-16","132797542","0.023807157340429534","1971314146","0.3534055324701453","3473939488","0.6227873101894252"
"2022-01-17 - 2022-01-23","134467023","0.02375327966975521","1997337995","0.35282500446420334","3529182638","0.6234217158660414"
"2022-01-24 - 2022-01-30","137773154","0.024051440756817217","2020279212","0.3526857328071866","3570217944","0.6232628264359962"
"2022-01-31 - 2022-02-06","138421389","0.02423590294489018","2025987988","0.35472587437105785","3547009311","0.621038222684052"
"2022-02-07 - 2022-02-13","139911417","0.024087425621183378","2045871220","0.35222122610815737","3622700976","0.6236913482706592"
"2022-02-14 - 2022-02-20","137357061","0.023777330286671335","2034401669","0.3521671188026396","3605048815","0.624055550910689"
"2022-02-21 - 2022-02-27","142824988","0.024320548379413342","1964107126","0.33445241654936103","3765673461","0.6412270350712255"
"2022-02-28 - 2022-03-06","130344772","0.022614702436808014","2004467194","0.3477732818977467","3628906233","0.6296120156654452"
"2022-03-07 - 2022-03-13","135746734","0.024579267141358954","1778554959","0.322037784443858","3608512849","0.6533829484147831"
"2022-03-14 - 2022-03-20","131242325","0.022994186722300126","1983927321","0.3475920992907331","3592461008","0.6294137139869668"
"2022-03-21 - 2022-03-27","130308037","0.02335510852403482","1944663539","0.3485420319552402","3504451738","0.628102859520725"
"2022-03-28 - 2022-04-03","130430607","0.023469119048532005","1922721592","0.3459662036214473","3504389468","0.6305646773300206"
"2022-04-04 - 2022-04-10","129711641","0.023505757339220525","1848734162","0.33501924932627447","3539846551","0.641474993334505"
"2022-04-11 - 2022-04-17","127230861","0.023494476021276797","1788528799","0.3302700826764703","3499592480","0.646235441302253"
"2022-04-18 - 2022-04-24","121444279","0.02289787880934662","1743020355","0.3286401729225494","3439270267","0.648461948268104"
"2022-04-25 - 2022-05-01","118025256","0.022644951988457285","1704304484","0.3269969032212263","3389659937","0.6503581447903163"
"2022-05-02 - 2022-05-08","115078237","0.02401292070006118","1443265225","0.301160447887996","3234003060","0.6748266314119428"
"2022-05-09 - 2022-05-15","116965948","0.023755864983873932","1503919299","0.3054470503986881","3302780891","0.6707970846174379"
"2022-05-16 - 2022-05-22","115892204","0.022196720843321957","1726008354","0.33058069727433625","3379240205","0.6472225818823418"
"2022-05-23 - 2022-05-29","113029511","0.022336344500801183","1703882068","0.3367129214562872","3243429024","0.6409507340429116"
"2022-05-30 - 2022-06-05","106741763","0.022272917114085158","1620752755","0.33818901580761945","3064951952","0.6395380670782954"
"2022-06-06 - 2022-06-12","102574503","0.022052249185588915","1559629791","0.3353011107292419","2989226140","0.6426466400851691"
"2022-06-13 - 2022-06-19","106044207","0.02271726784399415","1509298199","0.32332866087763745","3052657625","0.6539540712783685"
"2022-06-20 - 2022-06-26","103357161","0.022192625854605595","1518365127","0.32602007299902236","3035552686","0.6517873011463721"
"2022-06-27 - 2022-07-03","100393866","0.022098346855890693","1462527949","0.3219265398489227","2980126887","0.6559751132951865"
"2022-07-04 - 2022-07-10","100189436","0.02219186555993198","1475750576","0.3268773604293389","2938751902","0.6509307740107291"
"2022-07-11 - 2022-07-17","100810308","0.022290194457642798","1469833984","0.324995389596586","2951985970","0.6527144159457712"
"2022-07-18 - 2022-07-24","100205968","0.02243683908773163","1429188689","0.32000565715905394","2936741041","0.6575575037532144"
"2022-07-25 - 2022-07-31","99282058","0.022337165852040465","1424679102","0.3205341834000869","2920741389","0.6571286507478724"
"2022-08-01 - 2022-08-07","98436286","0.022401050974262867","1390623996","0.31646296590699413","2905210599","0.661135983118743"
"2022-08-08 - 2022-08-14","96871933","0.021917773655449686","1402410178","0.317302524080973","2920506802","0.6607797022635773"
"2022-08-15 - 2022-08-21","98314824","0.021877984766688542","1432589745","0.3187940062632286","2962874225","0.6593280089700828"
"2022-08-22 - 2022-08-28","99166751","0.021949776311536034","1443418476","0.319489267850857","2975308240","0.6585609558376071"
"2022-08-29 - 2022-09-04","102103260","0.021988192622376376","1513474127","0.32593044172594415","3027972074","0.6520813656516793"
"2022-09-05 - 2022-09-11","105087416","0.02109761665281591","1679190099","0.3371184709300112","3196731370","0.6417839124171729"
"2022-09-12 - 2022-09-18","107667665","0.02111800034960179","1690953406","0.3316646146182174","3299762451","0.647217385032181"
"2022-09-19 - 2022-09-25","113031558","0.020791319152526574","1731166715","0.31843531412524645","3592280152","0.660773366722227"
"2022-09-26 - 2022-10-02","116277371","0.020941105315409717","1799926842","0.3241598707830677","3636385741","0.6548990239015225"
"2022-10-03 - 2022-10-09","114753727","0.020885619013635587","1831084106","0.33326433937818434","3548551724","0.64585004160818"
"2022-10-10 - 2022-10-16","115269599","0.02116394518796002","1738161116","0.31913311841110353","3593077390","0.6597029364009365"
"2022-10-17 - 2022-10-23","114877481","0.020573879595829028","1842707624","0.3300180719186574","3626071612","0.6494080484855137"
"2022-10-24 - 2022-10-30","115321280","0.021160077595983692","1778547157","0.3263421620904328","3556077551","0.6524977603135835"
"2022-10-31 - 2022-11-06","114661209","0.022431585957114152","1630613258","0.31900275410175516","3366321709","0.6585656599411307"
"2022-11-07 - 2022-11-13","113648856","0.020628015211021745","1804846301","0.32759148011647676","3590946970","0.6517805046725015"
"2022-11-14 - 2022-11-20","114831299","0.020154213887734543","1963266061","0.3445757773054896","3619534889","0.6352700088067759"
"2022-11-21 - 2022-11-27","113312531","0.01968737159520779","2083382744","0.3619752369327243","3558899394","0.6183373914720679"
"2022-11-28 - 2022-12-04","112272421","0.01990910127036358","1979660718","0.35105028790305215","3547317949","0.6290406108265842"
"2022-12-05 - 2022-12-11","114863038","0.020317229946272657","1974647908","0.34928011924743146","3563968308","0.6304026508062959"
"2022-12-12 - 2022-12-18","116969856","0.020202394912321533","2073976270","0.3582058581428329","3598954354","0.6215917469448455"
"2022-12-19 - 2022-12-25","114236965","0.020920949948741697","1828899539","0.3349381324748585","3517273529","0.6441409175763999"
"2022-12-26 - 2023-01-01","101379336","0.021406773985852317","1526545463","0.3223380128034108","3107928257","0.6562552132107369"
"2023-01-02 - 2023-01-08","115724976","0.02512783595673449","1241597535","0.2695931359170548","3248126848","0.7052790281262107"
"2023-01-09 - 2023-01-15","118671080","0.021102471915817808","1884046051","0.33502710921089573","3620845856","0.6438704188732864"
"2023-01-16 - 2023-01-22","116098176","0.020490509219381413","1916595832","0.33826564652853797","3633254786","0.6412438442520806"
"2023-01-23 - 2023-01-29","117535680","0.020531686070827285","1928440295","0.33686903196776974","3678623534","0.6425992819614029"
"2023-01-30 - 2023-02-05","115694495","0.020447694471319843","1889075434","0.33387273359642505","3653300479","0.6456795719322551"
"2023-02-06 - 2023-02-12","116306376","0.02019945977573437","1916399064","0.3328297823287263","3725189934","0.6469707578955394"
"2023-02-13 - 2023-02-19","112685275","0.019842310821078016","1912275791","0.3367251898763598","3654078841","0.6434324993025621"
"2023-02-20 - 2023-02-26","112851524","0.021464447415451993","1664628529","0.31661363764109823","3480122056","0.6619219149434499"
"2023-02-27 - 2023-03-05","116270296","0.020270360392545917","1888814205","0.32929257056256317","3730891266","0.6504370690448908"
"2023-03-06 - 2023-03-12","112598683","0.020925409366875734","1733205884","0.3221000607953624","3535150282","0.6569745298377618"
"2023-03-13 - 2023-03-19","112444976","0.019761211087424624","1916344179","0.33678055867410595","3661397317","0.6434582302384694"
"2023-03-20 - 2023-03-26","112515739","0.020043524801403166","1901211553","0.338681336975174","3599843181","0.6412751382234227"
"2023-03-27 - 2023-04-02","115519630","0.020404651543624305","1918474020","0.3388670295567613","3627442408","0.6407283188996145"
"2023-04-03 - 2023-04-09","110187686","0.019311044322069086","1915537603","0.33570930559448336","3680216045","0.6449796500834476"
"2023-04-10 - 2023-04-16","107051487","0.018868283734543002","1867948822","0.32923399163153483","3698620488","0.6518977246339221"
"2023-04-17 - 2023-04-23","108912672","0.01921780087921493","1851092917","0.326628062966182","3707275110","0.654154136154603"
"2023-04-24 - 2023-04-30","114698954","0.020329854096753294","1805951407","0.3200964553707815","3721247188","0.6595736905324653"
"2023-05-01 - 2023-05-07","112207790","0.020757916943058164","1650773674","0.3053854176851623","3642560446","0.6738566653717796"
"2023-05-08 - 2023-05-14","111644052","0.02092527785899737","1579613618","0.29606462032125214","3644110049","0.6830101018197506"
"2023-05-15 - 2023-05-21","106622151","0.019023985676486027","1778846941","0.3173895706366399","3719147775","0.663586443686874"
"2023-05-22 - 2023-05-28","104862659","0.01944271369661558","1730077991","0.3207758736294191","3558476166","0.6597814126739653"
"2023-05-29 - 2023-06-04","102514110","0.019472047778334237","1674598887","0.31808176978963515","3487567491","0.6624461824320307"
"2023-06-05 - 2023-06-11","101128998","0.019387123085589614","1629176351","0.31232428946807866","3485991961","0.6682885874463317"
"2023-06-12 - 2023-06-18","102336517","0.01988699838091801","1530987325","0.2975159146121906","3512576763","0.6825970870068914"
"2023-06-19 - 2023-06-25","105371240","0.019387108150583317","1609915530","0.2962061231642871","3719832237","0.6844067686851295"
"2023-06-26 - 2023-07-02","102022749","0.019380396263434452","1605913889","0.3050618400193577","3556287458","0.6755577637172078"
"2023-07-03 - 2023-07-09","95907242","0.019203632701506913","1499801225","0.3003071639800686","3398515464","0.6804892033184244"
"2023-07-10 - 2023-07-16","97446655","0.019774570257635203","1473551931","0.29902366774758476","3356878669","0.68120176199478"
"2023-07-17 - 2023-07-23","97088319","0.019768774597794685","1448373487","0.29491260424361565","3365733803","0.6853186211585897"
"2023-07-24 - 2023-07-30","101802708","0.019167722267312285","1500964307","0.2826061068014502","3708386109","0.6982261709312375"
"2023-07-31 - 2023-08-06","98050728","0.01858740345717928","1504924703","0.28528745474828804","3672141571","0.6961251417945327"
"2023-08-07 - 2023-08-13","100114021","0.018843338546502192","1515016488","0.28515454979994037","3697835702","0.6960021116535574"
"2023-08-14 - 2023-08-20","100888874","0.019015382964185427","1477328305","0.27844461306413165","3727427950","0.7025400039716829"
"2023-08-21 - 2023-08-27","104998046","0.019102413558586","1560189109","0.2838469735876781","3831398168","0.6970506128537359"
"2023-08-28 - 2023-09-03","102958819","0.018669741062360103","1584623668","0.2873431712813963","3827160254","0.6939870876562436"
"2023-09-04 - 2023-09-10","102360002","0.017671718802190785","1645301771","0.28404952787963506","4044644179","0.6982787533181741"
"2023-09-11 - 2023-09-17","103112371","0.017371549689103954","1671507790","0.2816022980376364","4161083495","0.7010261522732596"
"2023-09-18 - 2023-09-24","105919432","0.017588447504586806","1702675542","0.2827377264240889","4213507430","0.6996738260713243"
"2023-09-25 - 2023-10-01","106182432","0.017052522800844756","1781861764","0.2861606933109561","4338743080","0.6967867838881991"
"2023-10-02 - 2023-10-08","108271197","0.017166641254230088","1816392142","0.28799305025432165","4382406017","0.6948403084914483"
"2023-10-09 - 2023-10-15","108893010","0.016914764452046628","1922873128","0.2986871795654295","4405982984","0.6843980559825239"
"2023-10-16 - 2023-10-22","109583770","0.01668536915009711","1957261100","0.298015152943042","4500811441","0.6852994779068609"
"2023-10-23 - 2023-10-29","110902096","0.017186268827697953","1938222185","0.3003622899897051","4403823541","0.6824514411825969"
"2023-10-30 - 2023-11-05","109100030","0.017501114698785524","1830275499","0.29360084904079226","4294514819","0.6888980362604222"
"2023-11-06 - 2023-11-12","111900511","0.017177790707820967","1787353974","0.27437580232465675","4615000631","0.7084464069675223"
"2023-11-13 - 2023-11-19","112246522","0.01664617572391174","1894679606","0.2809812642746103","4736155518","0.702372560001478"
"2023-11-20 - 2023-11-26","113665353","0.016636780742606112","1964763570","0.2875752360981102","4753743404","0.6957879831592837"
"2023-11-27 - 2023-12-03","110976504","0.015949740365790544","2019529869","0.2902504215803103","4827381433","0.6937998380538992"
"2023-12-04 - 2023-12-10","111779775","0.015729734932936893","2060094499","0.28989806435083115","4934397731","0.6943722007162321"
"2023-12-11 - 2023-12-17","106927378","0.015418686220239319","1940153096","0.27976569112589533","4887840989","0.7048156226538653"
"2023-12-18 - 2023-12-24","104094202","0.015663890169148004","1823818576","0.2744446214489056","4717575723","0.7098914883819464"
"2023-12-25 - 2023-12-31","95068192","0.015831315086615196","1608567181","0.2678680781096518","4301436946","0.7163006068037331"
"2024-01-01 - 2024-01-07","99763654","0.01774032387248684","1272053133","0.22620096255126718","4251736352","0.756058713576246"
"2024-01-08 - 2024-01-14","101679714","0.015280274890489984","1850544653","0.27809707445642895","4702087465","0.706622650653081"
"2024-01-15 - 2024-01-21","102273602","0.014390124178703056","1911505253","0.2689530574948676","5093428889","0.7166568183264294"
"2024-01-22 - 2024-01-28","102878813","0.014315623862433197","1926955669","0.2681365749912698","5156636327","0.717547801146297"
"2024-01-29 - 2024-02-04","103315924","0.014645975862475862","1935580343","0.2743861922336459","5015322924","0.7109678319038782"
"2024-02-05 - 2024-02-11","107443485","0.014960574039437123","1979606002","0.275642977904478","5094726073","0.7093964480560849"
"2024-02-12 - 2024-02-18","110667481","0.015193696903803606","2007929345","0.2756714944309874","5165178920","0.709134808665209"
"2024-02-19 - 2024-02-25","109597123","0.015588137773374242","1869133009","0.2658491579295704","5052072687","0.7185627042970553"
"2024-02-26 - 2024-03-03","111463985","0.015334446131794278","2045691176","0.28143207997326575","5111707636","0.7032334738949398"
"2024-03-04 - 2024-03-10","105505003","0.016348370383980616","1761263442","0.2729139498112763","4586780167","0.710737679804743"
"2024-03-11 - 2024-03-17","109422983","0.016661209287272525","1912593575","0.2912196410745607","4545512912","0.6921191496381668"
"2024-03-18 - 2024-03-24","108485594","0.0172612285597051","1868873061","0.29735786905491524","4307570232","0.6853809023853797"
"2024-03-25 - 2024-03-31","110311602","0.018396728661734054","1858073765","0.30987201951968396","4027876470","0.671731251818582"
"2024-04-01 - 2024-04-07","103467342","0.017016673363232145","1865249022","0.3067666834281121","4111634348","0.6762166432086558"
